symbol,state_key,state,horizon,n,mean,median,directional_hit_rate,baseline_mean,baseline_directional_hit_rate,mean_excess_vs_all_days,worst,best,mean_ci95_lo,mean_ci95_hi
IREN,trend_start,趋势启动,5,23,0.0429467417791557,0.043325043115013395,0.6086956521739131,0.02613274805298128,0.4954864593781344,0.016813993726174422,-0.15789476042922157,0.41578952156605875,-0.014582668959995115,0.10141811168944605
IREN,trend_start,趋势启动,10,23,0.04252863968872925,0.033582056689353434,0.5217391304347826,0.05318490746480609,0.5171370967741935,-0.010656267776076846,-0.231888915914359,0.3468795229026138,-0.022102082308393514,0.10729992255305797
IREN,trend_start,趋势启动,20,22,0.12132087348697182,0.046720942535463994,0.5454545454545454,0.11440440799958054,0.5488798370672098,0.006916465487391277,-0.4691259227104724,1.3131579137244715,-0.04393444577024409,0.30614174991148985
IREN,trend_start,趋势启动,60,21,0.1593711274895707,-0.0313442879890089,0.47619047619047616,0.39023603024350245,0.6199575371549894,-0.23086490275393176,-0.8021697581659656,1.491039392218906,-0.11064569032086478,0.4286102444579378
IREN,second_start,二次启动,5,36,0.03255840468137669,0.02124753119064937,0.5555555555555556,0.02613274805298128,0.4954864593781344,0.0064256566283954104,-0.346923094529372,0.46499999364217115,-0.02776207870489561,0.0942941328699041
IREN,second_start,二次启动,10,35,0.04377344341851985,0.05426360815665099,0.5428571428571428,0.05318490746480609,0.5171370967741935,-0.00941146404628624,-0.415204691408287,0.46280997837868054,-0.03511430878347618,0.11736769672942082
IREN,second_start,二次启动,20,34,0.16212766485941105,0.06781352942203434,0.5588235294117647,0.11440440799958054,0.5488798370672098,0.047723256859830504,-0.4461538608257587,1.267581550605755,0.019894604111115828,0.31495591236673065
IREN,second_start,二次启动,60,33,0.30605505292319707,-0.03294575219400542,0.48484848484848486,0.39023603024350245,0.6199575371549894,-0.08418097732030538,-0.6033172311546346,2.6729480466084095,0.035343680884260126,0.6081955490060801
IREN,trend_fade,趋势退潮,5,11,0.03083205958290882,-0.035502994057593495,0.5454545454545454,0.02613274805298128,0.4974924774322969,0.0046993115299275405,-0.19122932254431257,0.5443037319792423,-0.07714657382196706,0.15882130808099876
IREN,trend_fade,趋势退潮,10,11,0.015148052489378257,-0.006928418335156228,0.5454545454545454,0.05318490746480609,0.4808467741935484,-0.03803685497542784,-0.2940330839290999,0.6028658253509072,-0.1104343154016905,0.1716700994749826
IREN,trend_fade,趋势退潮,20,11,-0.024257521955033834,-0.17494089981087713,0.6363636363636364,0.11440440799958054,0.44908350305498984,-0.13866192995461438,-0.34763318075485294,0.8474921587866686,-0.17984723853217466,0.19440368598397945
IREN,trend_fade,趋势退潮,60,11,0.38542118058623526,-0.07582126001576583,0.5454545454545454,0.39023603024350245,0.37898089171974525,-0.004814849657267195,-0.5103550546288895,2.475946519274372,-0.1410614075678158,1.0481736216534603
NVDA,trend_start,趋势启动,5,25,0.007005472057718949,0.007162508738070006,0.56,0.014665134164849885,0.5986394557823129,-0.007659662107130936,-0.09160687487941588,0.13271052757256374,-0.011406338992975251,0.025579580578440293
NVDA,trend_start,趋势启动,10,25,0.013975912551924248,0.024425592707780774,0.64,0.029955392281215066,0.607421875,-0.01597947972929082,-0.16793400233409106,0.23272338533994108,-0.019295575304154617,0.046811095895582355
NVDA,trend_start,趋势启动,20,25,0.017708016378328525,0.011220846305172394,0.6,0.06281021005636264,0.6706114398422091,-0.045102193678034114,-0.2785911589556225,0.41879952536470144,-0.03959194162434338,0.07549334041395128
NVDA,trend_start,趋势启动,60,23,0.1270833092592417,0.05733994490178573,0.6521739130434783,0.21175296783920652,0.7895277207392197,-0.08466965857996483,-0.40122668974189724,0.799903699895608,-0.0007708177663968323,0.2616846685142009
NVDA,second_start,二次启动,5,47,0.011087374592405828,0.003271534296664269,0.5319148936170213,0.014665134164849885,0.5986394557823129,-0.0035777595724440572,-0.10498081292201566,0.19893913111022976,-0.00490794286815302,0.027716803823044287
NVDA,second_start,二次启动,10,47,0.02625543193005527,0.02341589645514519,0.5531914893617021,0.029955392281215066,0.607421875,-0.0036999603511597944,-0.16976680521820908,0.24146086495158836,0.00019572183961531994,0.05375413991758108
NVDA,second_start,二次启动,20,46,0.039710087480226544,0.020789161882318163,0.5217391304347826,0.06281021005636264,0.6706114398422091,-0.023100122576136098,-0.3098517913674146,0.3900832310919624,-0.005091854976950732,0.0826426481423004
NVDA,second_start,二次启动,60,44,0.12771175557903194,0.07428242378361083,0.5909090909090909,0.21175296783920652,0.7895277207392197,-0.08404121226017458,-0.3816677718129806,0.7988980513616679,0.03973965631426638,0.21480601331163
NVDA,trend_fade,趋势退潮,5,19,0.02871022592733576,0.02102218743800166,0.3157894736842105,0.014665134164849885,0.4013605442176871,0.014045091762485874,-0.04581246456771848,0.13317095785082667,0.005739037406499047,0.05192927639439695
NVDA,trend_fade,趋势退潮,10,19,0.05653451746955584,0.028757766171746635,0.21052631578947367,0.029955392281215066,0.392578125,0.026579125188340772,-0.06455723542116631,0.3853830954475106,0.018971399394591294,0.10519989075654733
NVDA,trend_fade,趋势退潮,20,19,0.0706102106566479,0.027243768938073343,0.3684210526315789,0.06281021005636264,0.32938856015779094,0.0078000006002852534,-0.04836605587682019,0.4169942185606521,0.019112893017683374,0.13130095560592242
NVDA,trend_fade,趋势退潮,60,18,0.2135975228857763,0.17629650111721873,0.2222222222222222,0.21175296783920652,0.2104722792607803,0.0018445550465697735,-0.20696838629347514,0.9134604366478636,0.08641230699556793,0.3491061325069464
ORCL,trend_start,趋势启动,5,20,0.021323719032665472,0.008579869519207195,0.55,0.005205846939319342,0.5247813411078717,0.01611787209334613,-0.09326781322619948,0.2697197830897027,-0.00783593601054648,0.05783681071052785
ORCL,trend_start,趋势启动,10,20,0.04050634066145349,0.04208187874790892,0.75,0.010814685221663373,0.5224609375,0.02969165543979012,-0.14965066210812028,0.29944928933901815,0.000593248023291097,0.0835718126538632
ORCL,trend_start,趋势启动,20,20,0.04645090372862654,0.051557073025285005,0.7,0.02317449905805003,0.5631163708086785,0.02327640467057651,-0.1662493856431405,0.18330534624554495,0.0038404069503099733,0.08855050450548348
ORCL,trend_start,趋势启动,60,18,0.05738469989801484,0.01775073521493259,0.5,0.07210168870850071,0.6201232032854209,-0.014716988810485873,-0.2557468832317392,0.7218444342822252,-0.05245176630352523,0.1816304951375017
ORCL,second_start,二次启动,5,38,0.017988535500885635,0.021554532242826774,0.631578947368421,0.005205846939319342,0.5247813411078717,0.012782688561566294,-0.12050820950840013,0.20616872182746904,-0.001582140632535868,0.037368608834145715
ORCL,second_start,二次启动,10,38,0.027450944655552825,0.01851228273100991,0.5789473684210527,0.010814685221663373,0.5224609375,0.016636259433889453,-0.12132021389291436,0.2673351762191043,0.002689103493954047,0.05437629711683092
ORCL,second_start,二次启动,20,38,0.02799467849296418,0.02821901611261235,0.5789473684210527,0.02317449905805003,0.5631163708086785,0.004820179434914147,-0.20161292650493512,0.3145225347147331,-0.007525120739317306,0.06775120661608247
ORCL,second_start,二次启动,60,36,0.0378523166766408,0.0803022904936358,0.5833333333333334,0.07210168870850071,0.6201232032854209,-0.03424937203185991,-0.34607873072122197,0.6661086719863414,-0.036340006482842434,0.11332906239532002
ORCL,trend_fade,趋势退潮,5,17,0.010935143480963739,0.0031682371340158166,0.47058823529411764,0.005205846939319342,0.4742468415937804,0.005729296541644397,-0.06305514907774012,0.07801059495162743,-0.005512797128191638,0.02687435768924766
ORCL,trend_fade,趋势退潮,10,17,0.030329655608097653,0.007121774785892043,0.4117647058823529,0.010814685221663373,0.4775390625,0.01951497038643428,-0.09310751649083515,0.3106478938604318,-0.011490960179285825,0.07939449195955545
ORCL,trend_fade,趋势退潮,20,17,0.01807070074172866,0.009217073481731841,0.47058823529411764,0.02317449905805003,0.4368836291913215,-0.0051037983163213715,-0.11504571401521024,0.29060789562526756,-0.030675609755026773,0.07221796404438453
ORCL,trend_fade,趋势退潮,60,17,0.06880233536785499,0.07888306441955906,0.29411764705882354,0.07210168870850071,0.3798767967145791,-0.003299353340645725,-0.4153458694827308,0.4481904893552948,-0.022400273638575934,0.15361001872890326
TSLA,trend_start,趋势启动,5,26,0.005782744479000858,0.011485531421895345,0.5384615384615384,0.004281584794107,0.48882410106899904,0.001501159684893858,-0.17369764099273188,0.15937393851902182,-0.02102434302596316,0.03249891027571634
TSLA,trend_start,趋势启动,10,26,0.026119569547318193,0.0011711147582568748,0.5,0.009595347546685649,0.5087890625,0.016524222000632544,-0.23002710719979258,0.3548521356997283,-0.018793517129179392,0.07278480252569834
TSLA,trend_start,趋势启动,20,26,0.04969987018696898,0.02760115293117993,0.5769230769230769,0.020612103037951312,0.4921104536489152,0.02908776714901767,-0.29072752497583665,0.5235373217326782,-0.020751154387831254,0.12502223045153235
TSLA,trend_start,趋势启动,60,25,0.0829351960815935,0.06910335112673294,0.56,0.06226606502602149,0.5297741273100616,0.020669131055572006,-0.4107935247318024,0.6194707010344798,-0.02183209891847046,0.19232215709349115
TSLA,second_start,二次启动,5,41,-0.0025454983546762283,-0.003264330487018463,0.43902439024390244,0.004281584794107,0.48882410106899904,-0.006827083148783228,-0.20570259737008845,0.20383627740264432,-0.02696700128658779,0.0227617531193925
TSLA,second_start,二次启动,10,41,0.007486049322442288,-0.011365485704404543,0.43902439024390244,0.009595347546685649,0.5087890625,-0.0021092982242433608,-0.1535858067965542,0.36778093261116807,-0.02876921821964682,0.04642505915670145
TSLA,second_start,二次启动,20,40,0.002562848431533887,-0.01612916405598197,0.475,0.020612103037951312,0.4921104536489152,-0.018049254606417424,-0.2738066894705383,0.39592745473874524,-0.049063248517797316,0.055752599660401865
TSLA,second_start,二次启动,60,39,-0.015311986975319849,-0.044722131013066324,0.38461538461538464,0.06226606502602149,0.5297741273100616,-0.07757805200134134,-0.40930293872775925,0.5103829372740714,-0.09057530796399645,0.061883653135622635
TSLA,trend_fade,趋势退潮,5,12,0.01786545169767827,-0.01594150864876065,0.5833333333333334,0.004281584794107,0.511175898931001,0.01358386690357127,-0.1290786889913097,0.29014381369102815,-0.039817264968833234,0.08897088907209755
TSLA,trend_fade,趋势退潮,10,12,0.0042857409570555005,-0.0339426196744132,0.6666666666666666,0.009595347546685649,0.4912109375,-0.005309606589630148,-0.13181437784934125,0.2881356202273766,-0.06493721959566676,0.09105697752559005
TSLA,trend_fade,趋势退潮,20,12,0.01950719331417212,-0.026370389474566713,0.5833333333333334,0.020612103037951312,0.5078895463510849,-0.0011049097237791905,-0.2324547130925263,0.434211593162116,-0.06856462805175856,0.12918725813964999
TSLA,trend_fade,趋势退潮,60,12,-0.0047704614244559185,-0.06383896025623742,0.5833333333333334,0.06226606502602149,0.4702258726899384,-0.06703652645047742,-0.35348348652481687,0.6250301753008016,-0.159606571804055,0.18691550185406136
ALL,trend_start,趋势启动,5,94,0.01850784680288177,0.011488727728037884,0.5638297872340425,0.012465068589164687,0.527179236043095,0.006042778213717083,-0.17369764099273188,0.41578952156605875,0.0009244733149529713,0.03729056771096531
ALL,trend_start,趋势启动,10,94,0.029965873915938527,0.028833769956912003,0.5957446808510638,0.02567264356689008,0.5391240157480315,0.0042932303490484484,-0.231888915914359,0.3548521356997283,0.0056167544381172455,0.05450142730364997
ALL,trend_start,趋势启动,20,93,0.057343809952745364,0.03340759532601867,0.6021505376344086,0.054779894676462514,0.5688369781312127,0.0025639152762828507,-0.4691259227104724,1.3131579137244715,0.010397251000118577,0.11090438823090805
ALL,trend_start,趋势启动,60,87,0.1077702792005477,0.05174983335752126,0.5517241379310345,0.18238196772831036,0.6400103519668737,-0.07461168852776266,-0.8021697581659656,1.491039392218906,0.025722588728889443,0.19247492467068122
ALL,second_start,二次启动,5,162,0.014027210437435579,0.008095006277347827,0.5370370370370371,0.012465068589164687,0.527179236043095,0.0015621418482708923,-0.346923094529372,0.46499999364217115,-0.002177456315561366,0.030362965274930636
ALL,second_start,二次启动,10,161,0.025566085338459218,0.015521232808676233,0.5279503105590062,0.02567264356689008,0.5391240157480315,-0.00010655822843086069,-0.415204691408287,0.46280997837868054,0.003644470955953417,0.047318502949192646
ALL,second_start,二次启动,20,158,0.053831116134837924,0.020498012796131393,0.5316455696202531,0.054779894676462514,0.5688369781312127,-0.0009487785416245897,-0.4461538608257587,1.267581550605755,0.014623358056615549,0.09466535665545116
ALL,second_start,二次启动,60,152,0.10845164408068753,0.03787584571611746,0.5131578947368421,0.18238196772831036,0.6400103519668737,-0.07393032364762284,-0.6033172311546346,2.6729480466084095,0.04131424238524408,0.18273208502660818
ALL,trend_fade,趋势退潮,5,59,0.021778471314913547,0.0031682371340158166,0.4576271186440678,0.012465068589164687,0.4708619000979432,0.00931340272574886,-0.19122932254431257,0.5443037319792423,-0.003185776422627697,0.051008096820559394
ALL,trend_fade,趋势退潮,10,59,0.030640973663170305,0.01692500596039137,0.423728813559322,0.02567264356689008,0.46038385826771655,0.004968330096280227,-0.2940330839290999,0.6028658253509072,-0.003744735665924554,0.06767392477994673
ALL,trend_fade,趋势退潮,20,59,0.027390669378820183,0.008599339195452416,0.4915254237288136,0.054779894676462514,0.43066600397614313,-0.02738922529764233,-0.34763318075485294,0.8474921587866686,-0.01707952491658664,0.07694644601899901
ALL,trend_fade,趋势退潮,60,58,0.15856521659573494,0.030247008724472058,0.3793103448275862,0.18238196772831036,0.35973084886128365,-0.02381675113257542,-0.5103550546288895,2.475946519274372,0.03446881983726214,0.29889359597787335
