symbol,date,state,state_key,pulse,slope5,weekly,close,ret_5d,ret_10d,ret_20d,ret_60d
IREN,2022-01-31,趋势启动,trend_start,8.193,98.193,数据不足,13.17,0.16628698312047163,0.07061505693153225,0.14730444716361912,-0.24069856172589998
IREN,2022-02-01,二次启动,second_start,49.62,139.62,数据不足,13.83,0.038322468249816666,0.04989157902126129,0.11424439135373898,-0.28778015648533706
IREN,2022-02-25,二次启动,second_start,46.918,7.863,数据不足,14.47,-0.003455438134911004,0.19765028361430037,-0.005528674653057286,-0.6033172311546346
IREN,2022-03-31,趋势启动,trend_start,10.8,72.55,过渡,15.67,-0.10593489721314087,-0.21250797112271747,-0.44543717051221987,-0.8021697581659656
IREN,2022-08-03,趋势启动,trend_start,50.935,53.908,过渡,4.8,0.21041660664810302,0.10833332505491078,-0.15416671219799072,-0.2958333374725446
IREN,2022-08-04,二次启动,second_start,38.169,41.373,过渡,4.43,0.4040632124638994,0.2934537790314995,-0.09480803966854756,-0.21670425212824918
IREN,2023-01-10,趋势启动,trend_start,29.786,107.628,空头,1.63,0.17791408754686366,0.325153430766572,0.2730061679471669,0.8343558394378119
IREN,2023-01-12,二次启动,second_start,37.405,110.671,过渡,1.67,0.18562878440428365,0.24850304893827002,0.053892236940961125,1.3353294584364668
IREN,2023-02-15,二次启动,second_start,94.572,51.177,过渡,4.275,-0.29590645068639454,-0.415204691408287,-0.3029239876970439,-0.13684211113372913
IREN,2023-02-24,趋势退潮,trend_fade,88.88,-8.054,过渡,2.82,-0.0726950101272944,-0.0886524843681531,0.03900714046752185,0.4326241338620589
IREN,2023-03-14,趋势启动,trend_start,25.406,7.026,过渡,2.68,0.23880591438193322,0.033582056689353434,0.36194030016720435,0.33208949414784716
IREN,2023-03-20,二次启动,second_start,40.095,43.08,过渡,3.02,-0.09933773318245065,-0.013245020564786825,0.5331126303585167,0.15231789438814758
IREN,2023-04-10,二次启动,second_start,47.09,20.67,多头,3.35,0.2895523267590061,0.22089560269300557,-0.020895503055387565,0.8179105450618955
IREN,2023-04-27,趋势退潮,trend_fade,80.325,-18.591,多头,4.23,-0.15602838838172184,-0.17730496373952154,-0.17494089981087713,0.5579196507973834
IREN,2023-05-15,趋势启动,trend_start,14.749,51.67,多头,3.96,0.020202000741265103,-0.06818181270848078,-0.09595962393443147,0.3888888755096198
IREN,2023-05-22,二次启动,second_start,34.206,19.457,多头,4.04,-0.08663364057855927,-0.15346531965676224,0.009900980750178201,0.15099013348371804
IREN,2023-06-12,趋势启动,trend_start,21.377,63.029,多头,3.74,0.10695183313606438,0.19786096461224445,0.8609625722993184,0.19786096461224445
IREN,2023-06-22,二次启动,second_start,78.339,126.071,多头,4.57,0.04157550330055826,0.4595185614334747,0.479212248349721,0.04157550330055826
IREN,2023-07-21,趋势退潮,trend_fade,79.92,-20.08,多头,6.76,-0.035502994057593495,-0.17751482921188977,-0.34763318075485294,-0.5103550546288895
IREN,2023-07-31,二次启动,second_start,78.479,9.002,多头,6.66,-0.1921921565011092,-0.22672669469075468,-0.3528528466176637,-0.47447446243410907
IREN,2023-08-30,趋势启动,trend_start,5.578,78.148,多头,5.32,-0.15789476042922157,-0.05827066405577419,-0.29135340990991276,-0.3345864948069118
IREN,2023-11-27,趋势启动,trend_start,32.505,117.63,过渡,3.8,0.41578952156605875,0.318421129407646,1.3131579137244715,0.6263157647072111
IREN,2023-11-28,二次启动,second_start,47.022,130.427,过渡,4.37,0.2723112330398185,0.17848975520249,1.1876431739067717,0.5812357044325343
IREN,2023-12-18,二次启动,second_start,100.0,10.038,多头,6.0,0.46499999364217115,0.08999999364217115,-0.27833334604899085,-0.23333334922790527
IREN,2023-12-20,趋势退潮,trend_fade,80.066,-13.79,多头,5.53,0.5443037319792423,0.11934897330410466,-0.22242314148413278,-0.1880651716514543
IREN,2024-02-09,趋势启动,trend_start,57.939,141.15,多头,5.94,0.14646462578759412,0.16329962640531503,-0.14478116586362955,-0.14646462578759412
IREN,2024-02-12,二次启动,second_start,62.668,154.521,多头,6.93,-0.00865800061555344,-0.02308800164147584,-0.2886002957491377,-0.25974022488962045
IREN,2024-03-25,趋势启动,trend_start,9.89,78.365,多头,5.58,0.0555555460605901,-0.10215048434008644,0.0,1.491039392218906
IREN,2024-04-01,二次启动,second_start,77.076,140.372,多头,6.47,-0.16383307220295018,-0.330757331666344,-0.2751158872786401,0.8964452636249958
IREN,2024-04-22,趋势启动,trend_start,37.729,80.801,过渡,5.51,-0.14882035165137963,-0.03811252802608123,0.1542649490606396,0.8566241592175647
IREN,2024-04-23,二次启动,second_start,38.807,86.722,过渡,5.58,-0.2222221842423604,-0.09139780627558725,0.32616490977523016,1.025089667605187
IREN,2024-05-06,趋势启动,trend_start,18.17,30.756,过渡,5.3,-0.08490571130336144,0.19999998200614555,0.6773584949796247,0.7528301184013613
IREN,2024-05-16,二次启动,second_start,53.957,37.222,多头,5.83,0.212693012724273,0.33619212071979354,1.267581550605755,0.2607204118041
IREN,2024-06-25,趋势退潮,trend_fade,83.704,-16.296,多头,12.99,0.10777525764991447,-0.006928418335156228,-0.21439568102258555,-0.4003079215464471
IREN,2024-07-05,二次启动,second_start,75.0,6.397,多头,15.03,-0.18097134808243887,-0.2481702999670624,-0.426480370012951,-0.43845643843435733
IREN,2024-09-24,趋势启动,trend_start,43.462,61.171,过渡,8.98,-0.1391981722586535,-0.10356340745089432,0.03340759532601867,0.35077959162346817
IREN,2024-09-25,二次启动,second_start,42.413,60.475,过渡,8.73,-0.10652914092401322,-0.13974792409232706,-0.005727289768876487,0.307560201650239
IREN,2024-10-15,二次启动,second_start,49.069,48.915,过渡,8.73,0.06300117062709165,0.20847660297039527,0.42038949240927637,0.19816730660073745
IREN,2024-10-30,二次启动,second_start,89.837,7.259,多头,10.32,0.06976746979846427,0.05426360815665099,0.20155038616418142,-0.03294575219400542
IREN,2024-11-13,趋势退潮,trend_fade,78.314,-9.861,多头,10.88,-0.07169115117341818,0.1397058353034275,0.23437501506551217,0.19577206728277408
IREN,2024-11-25,二次启动,second_start,52.655,15.552,多头,10.41,0.24207497547563706,0.28338134990448594,0.1344861280235874,-0.156580224623743
IREN,2024-12-16,趋势退潮,trend_fade,74.212,-21.509,多头,13.91,-0.19122932254431257,-0.2940330839290999,-0.1768511908793906,-0.4716031642516515
IREN,2025-01-06,趋势启动,trend_start,21.497,54.444,多头,11.77,-0.0679694273254825,-0.009345845885588289,-0.059473299550954706,-0.4868309492826781
IREN,2025-01-17,二次启动,second_start,31.843,69.331,多头,11.99,-0.15846535903253678,-0.109257672306045,0.08173482190310755,-0.5454545526853767
IREN,2025-01-22,趋势启动,trend_start,20.746,48.034,多头,11.66,-0.14408236081998327,-0.05060035680179176,0.06003428974490932,-0.5205831710342115
IREN,2025-02-07,趋势启动,trend_start,13.99,74.703,多头,12.47,0.04330392544423667,-0.1852446166921451,-0.4691259227104724,-0.47874900875613724
IREN,2025-02-19,二次启动,second_start,34.739,11.386,多头,13.0,-0.346923094529372,-0.37999996772179234,-0.4461538608257587,-0.40384615384615385
IREN,2025-05-08,趋势启动,trend_start,0.362,18.536,过渡,6.89,0.12481859944549867,0.3468795229026138,0.415094367044337,1.3875182992318629
IREN,2025-05-12,二次启动,second_start,55.142,108.616,过渡,7.51,0.13715042630891472,0.23035945266461177,0.39680418793809014,1.4727029465868746
IREN,2025-06-06,二次启动,second_start,92.848,6.529,过渡,9.75,0.008205120380108122,0.09333331768329334,0.7323076297075322,1.893333239433093
IREN,2025-06-17,趋势退潮,trend_fade,78.302,-21.698,多头,9.77,0.21494363658157845,0.6028658253509072,0.8474921587866686,2.475946519274372
IREN,2025-06-25,二次启动,second_start,100.0,21.698,多头,11.87,0.3192923334787814,0.4347094229852546,0.5282223727497564,2.2552653548596457
IREN,2025-07-24,趋势退潮,trend_fade,85.0,-15.0,多头,18.14,-0.1119073234619451,0.02370453801785466,0.0799338925979729,2.3472989671296736
IREN,2025-08-05,二次启动,second_start,67.161,20.065,多头,16.45,0.0838905225995874,0.13860174307307815,0.714893481830563,2.6729480466084095
IREN,2025-08-26,二次启动,second_start,100.0,11.302,多头,22.99,0.2270552138026667,0.46280997837868054,1.0504567141783703,0.9934755235896053
IREN,2025-10-20,趋势退潮,trend_fade,70.305,-29.695,多头,59.22,0.09743324086675687,0.14403915237196618,-0.19942588871751454,-0.1237757798034651
IREN,2025-10-28,二次启动,second_start,69.927,30.67,多头,62.42,0.06744631861535644,-0.08074330741229552,-0.23950652654264237,-0.16116625847000932
IREN,2026-01-05,趋势启动,trend_start,12.092,57.027,多头,48.24,0.043325043115013395,0.12479262922069068,0.12748751030675964,-0.29332506288438076
IREN,2026-01-13,二次启动,second_start,55.099,59.011,多头,52.99,0.009246987134341689,0.18777121406066133,-0.19475378717934932,-0.2579732317539738
IREN,2026-01-26,趋势退潮,trend_fade,77.507,-14.799,多头,52.36,0.01375097808079051,-0.11860196738127882,-0.13197096575369416,-0.07582126001576583
IREN,2026-04-13,趋势启动,trend_start,32.784,120.151,过渡,43.07,0.13118183343191148,0.12282333301625381,0.28047369205127626,-0.0313442879890089
IREN,2026-04-14,二次启动,second_start,46.11,133.665,过渡,47.37,-0.04644291350107321,-0.0618535016095092,0.19400470020320082,-0.13151783159621122
IREN,2026-05-05,二次启动,second_start,88.019,36.763,多头,54.74,0.033248075246957054,-0.1278772339306231,0.19620024386465484,-0.3277311269879509
IREN,2026-05-26,二次启动,second_start,69.771,32.425,多头,59.78,0.11408497547822183,-0.09635326930665677,-0.15858146095378411,-0.28738709695533804
IREN,2026-06-12,趋势启动,trend_start,15.254,3.01,多头,59.77,-0.04851934923320245,-0.231888915914359,-0.3543583761579955,-0.2409235639215802
IREN,2026-08-13,趋势启动,trend_start,33.238,102.382,过渡,44.76,-0.04825737105474759,-0.09450401476448123,-0.020777402264358646,
IREN,2026-08-14,二次启动,second_start,32.536,70.453,过渡,44.06,-0.04947798995070596,-0.1954153504763826,-0.020199799741386748,
IREN,2026-09-03,趋势启动,trend_start,17.147,17.969,过渡,41.65,0.05234094178414983,0.12076827358989473,0.002640979390743814,
IREN,2026-09-04,二次启动,second_start,49.58,74.459,过渡,44.68,-0.03379592940726883,0.057072498201508504,-0.09400180694387594,
IREN,2026-09-21,二次启动,second_start,77.31,29.966,过渡,47.23,-0.11666310342869646,-0.1429176384802563,,
NVDA,2021-10-26,二次启动,second_start,55.0,45.0,数据不足,24.6086,0.06813106495117038,0.2403201829173771,0.28437901100604557,-0.05421942334521779
NVDA,2021-11-19,二次启动,second_start,80.0,15.0,数据不足,32.8404,0.011853660315798598,-0.08926242858845412,-0.15954566563773176,-0.19617269426461126
NVDA,2021-12-07,趋势启动,trend_start,54.955,6.983,数据不足,32.2887,-0.12612953791110004,-0.10337054372587362,-0.14873400074808296,-0.2925677155659143
NVDA,2021-12-08,二次启动,second_start,53.594,9.064,数据不足,31.6903,-0.042952296111472776,-0.07622692493601058,-0.11462311639147416,-0.3289877832789473
NVDA,2021-12-27,趋势启动,trend_start,6.264,56.853,数据不足,30.8131,-0.026627918521931804,-0.11455813719705521,-0.2785911589556225,-0.1714859816115507
NVDA,2022-03-18,趋势启动,trend_start,37.668,130.411,过渡,26.3447,0.046837741315368886,0.009790970543756439,-0.1765395212469889,-0.4012267835950437
NVDA,2022-03-21,二次启动,second_start,47.748,142.484,过渡,26.6246,0.05554735292522639,0.023415966416354017,-0.1696716590955314,-0.38166788774818594
NVDA,2022-07-20,趋势启动,trend_start,34.651,103.469,过渡,17.7379,-0.0009546500371031552,0.06098727674517468,0.029651034442564672,-0.3281544446980954
NVDA,2022-07-21,二次启动,second_start,35.463,93.526,过渡,17.9799,-0.003656654272726767,0.06454307733924569,0.040055587085549904,-0.3778206467833217
NVDA,2022-08-15,二次启动,second_start,78.646,15.797,过渡,18.9581,-0.10498111474800242,-0.16976675491387794,-0.30985184167174573,-0.2325378072261568
NVDA,2022-10-28,趋势启动,trend_start,37.93,72.557,过渡,13.7844,0.02327610612562747,0.18020841894998485,0.1440653927185649,0.4317672300830415
NVDA,2022-10-31,二次启动,second_start,35.329,68.243,过渡,13.4486,0.05956887111787079,0.20730524805873163,0.1587018083143914,0.5092398436461796
NVDA,2022-11-21,趋势退潮,trend_fade,73.423,-14.788,过渡,15.2621,0.021022249924625536,0.04400920427970889,0.05040889684551897,0.3967143908257138
NVDA,2022-12-05,二次启动,second_start,86.072,11.863,过渡,16.5546,0.05568942291429235,-0.021432808059170916,-0.11204093046020214,0.43829023283165536
NVDA,2023-01-09,趋势启动,trend_start,4.335,46.816,过渡,15.5759,0.13271035201569092,0.23272321590660217,0.41879961223420326,0.7203458690654283
NVDA,2023-01-12,二次启动,second_start,58.347,113.64,过渡,16.456,0.08043130517348063,0.23342018178018575,0.28792931767349095,0.6457886153079746
NVDA,2023-02-17,趋势退潮,trend_fade,78.764,-21.236,多头,21.3167,0.09879343495906046,0.10127184716467008,0.21116494321323165,0.3660910726785276
NVDA,2023-02-28,二次启动,second_start,81.312,33.026,多头,23.1386,0.0032715345663412165,0.03665951987048399,0.13777077661027537,0.31560936123139216
NVDA,2023-03-16,二次启动,second_start,100.0,30.74,多头,25.4602,0.06460201288760481,0.07211927046402655,0.047648927949501374,0.5459881776845836
NVDA,2023-04-05,趋势退潮,trend_fade,80.869,-19.131,多头,26.796,-0.015550216075271295,0.008295863962266337,0.02533396427654222,0.5779691771714726
NVDA,2023-05-02,二次启动,second_start,92.875,53.62,多头,28.1208,0.012796928140368369,0.03555480011302703,0.3411556452922402,0.6573853950199486
NVDA,2023-05-15,趋势退潮,trend_fade,84.142,-10.792,多头,28.8614,0.07677962866819432,0.3853832379397524,0.41699463166587547,0.46417929622693976
NVDA,2023-05-18,二次启动,second_start,100.0,6.779,多头,31.5778,0.19893925191335549,0.2414609857547143,0.3478258427241152,0.3872260237959204
NVDA,2023-06-23,趋势退潮,trend_fade,83.632,-16.368,多头,42.0798,0.0022031587402024932,-0.0006872462827418602,0.05693084385974778,0.031144648979510414
NVDA,2023-07-13,二次启动,second_start,85.0,14.409,多头,45.8363,-0.009939566642517716,-0.0016745570280254363,-0.07806085613715041,-0.004594150244076167
NVDA,2023-07-24,趋势退潮,trend_fade,78.851,-21.149,多头,44.4755,0.047453710156366125,0.018044541277742576,0.052788566549929694,-0.015026953894692219
NVDA,2023-07-28,二次启动,second_start,82.381,14.087,多头,46.607,-0.04427809970965968,-0.12609630608231492,-0.015657732903477273,-0.08067282203662496
NVDA,2023-08-21,趋势启动,trend_start,49.453,85.349,多头,46.8233,-0.002810392063379852,0.03366205426494262,-0.07331558154487483,0.05733994957327604
NVDA,2023-08-22,二次启动,second_start,66.653,87.784,多头,45.5283,0.068231726940708,0.030587615661249234,-0.0750092941233742,0.07059704677711132
NVDA,2023-10-02,趋势启动,trend_start,16.368,52.367,多头,44.6487,0.010964189803881919,0.029319973999468285,-0.08085830462042576,0.10359851734086467
NVDA,2023-10-05,二次启动,second_start,32.587,78.31,多头,44.5549,0.05050553048380069,-0.057890410888533306,-0.026450173418916867,0.07796770666646125
NVDA,2023-11-03,趋势启动,trend_start,23.862,105.013,多头,44.871,0.07399168215352647,0.09538947823026422,0.011221016334740597,0.4005675586984576
NVDA,2023-11-06,二次启动,second_start,64.831,144.682,多头,45.6148,0.06270904527374421,0.10181200516456546,0.017903286410182906,0.4462158367911653
NVDA,2023-12-12,趋势启动,trend_start,11.89,33.147,多头,47.5193,0.04085433188310539,0.036930560207152796,0.15034512621607377,0.7999040210029917
NVDA,2023-12-15,二次启动,second_start,44.383,32.11,多头,48.7487,-0.00122723054217877,-0.014767927206597031,0.14651268704251752,0.7988982078662323
NVDA,2023-12-26,趋势退潮,trend_fade,74.379,-12.486,多头,49.1366,-0.03470032011058888,0.1029038353880225,0.2503702198168274,0.9134604433663247
NVDA,2024-01-08,二次启动,second_start,88.814,13.682,多头,52.102,0.07901927227000582,0.14582875886141866,0.3056283667899746,0.6440972381111016
NVDA,2024-02-20,趋势退潮,trend_fade,71.666,-28.334,多头,69.2513,0.1331708330097099,0.23780484647575362,0.28725132630560757,0.3625872475254506
NVDA,2024-02-27,二次启动,second_start,95.0,23.334,多头,78.4735,0.09233736910447576,0.16793078612953694,0.17616485204095333,0.20652170531391012
NVDA,2024-03-15,趋势退潮,trend_fade,71.637,-28.363,多头,87.5873,0.07345423269571882,0.028757855782942432,-0.02090244304189892,0.3766400467168056
NVDA,2024-03-22,二次启动,second_start,85.0,13.363,多头,94.0209,-0.04163789712816379,-0.07589437391574105,-0.15665676066776113,0.4380376563201276
NVDA,2024-04-02,趋势退潮,trend_fade,78.792,-6.208,多头,89.1977,-0.045812293500577694,-0.022771859044781628,-0.034096503763990316,0.386220336530122
NVDA,2024-04-11,趋势启动,trend_start,67.624,21.215,多头,90.3584,-0.06560655889964495,-0.0881080259552749,-0.02062540898133569,0.4499734452376629
NVDA,2024-04-26,趋势启动,trend_start,8.472,70.738,多头,87.4855,0.012013441114804735,0.024425594837875098,0.2135293513350507,0.3023237480101433
NVDA,2024-05-06,二次启动,second_start,66.869,59.472,多头,91.878,-0.018895115654081085,0.02865194962298956,0.2636965029915377,0.18535883671980113
NVDA,2024-06-21,趋势退潮,trend_fade,91.995,-8.005,多头,126.2205,-0.02393917397461587,0.012878407487537213,-0.02393917397461587,-0.0866722384849441
NVDA,2024-07-08,二次启动,second_start,39.821,11.663,多头,127.846,0.0018721096833920203,-0.03634945832588121,-0.21645875095653877,-0.0872854505073124
NVDA,2024-08-15,趋势启动,trend_start,1.064,77.428,多头,122.5207,0.007162570562285753,-0.042894472078933266,-0.030521066671548636,0.20171437406684167
NVDA,2024-08-16,二次启动,second_start,74.011,150.665,多头,124.236,0.03844911936716722,-0.04182043346238962,-0.06253008347284772,0.16609761642480558
NVDA,2024-09-12,趋势启动,trend_start,4.334,50.016,多头,118.8212,-0.010659729349872471,0.04112807849479094,0.13152600700816075,0.19565081296039089
NVDA,2024-09-24,二次启动,second_start,32.926,15.859,多头,120.5466,-0.03201791765942341,0.09944546545320287,0.1879704901394772,0.06659123339475426
NVDA,2024-10-22,二次启动,second_start,95.843,7.195,多头,143.2057,-0.016296520922667868,-0.025628621952253794,0.02381767246321087,-0.019153806254403216
NVDA,2024-10-30,趋势退潮,trend_fade,70.115,-22.045,多头,138.9671,0.04499783636270016,0.04973445071666838,-0.028706816879423447,-0.11218220582081573
NVDA,2024-11-07,二次启动,second_start,91.386,73.967,多头,148.4816,-0.01423960339081043,-0.014844275790218187,-0.04319019567482474,-0.13562018845349078
NVDA,2024-12-03,二次启动,second_start,32.322,20.343,多头,139.8847,-0.03693653284511489,-0.07030534665898447,-0.013834987622555417,-0.1729789052217392
NVDA,2024-12-24,趋势启动,trend_start,12.062,54.128,多头,139.8544,-0.013621626056584568,-0.030737551768867166,-0.15547009497246145,-0.13920202271583904
NVDA,2025-01-03,二次启动,second_start,64.549,52.715,多头,144.0933,-0.07780141240894733,-0.02519543223189269,-0.17872223467667392,-0.23561871756893438
NVDA,2025-01-21,二次启动,second_start,31.891,70.951,多头,140.4628,-0.08407298304435529,-0.1574949559338782,-0.011361410637333313,-0.2579734157373994
NVDA,2025-02-18,趋势启动,trend_start,11.512,22.957,多头,139.0365,-0.09160702944578292,-0.1679340387772077,-0.17187509431349057,-0.029035659855316642
NVDA,2025-04-25,趋势启动,trend_start,11.377,44.529,空头,110.7308,0.031438638566413823,0.05080613139267509,0.18268607021737604,0.5385265274515438
NVDA,2025-05-01,二次启动,second_start,31.66,61.602,过渡,111.3292,0.05160831392506027,0.20804583561909507,0.21073385715396875,0.5726385668453815
NVDA,2025-05-29,二次启动,second_start,100.0,12.723,多头,138.8398,0.0057476595250822715,0.04181389883380704,0.13342168728722958,0.29192116327406237
NVDA,2025-06-03,趋势退潮,trend_fade,91.23,-7.02,多头,140.8647,0.01940257878523277,0.020606255980067045,0.1135882611576553,0.27589955968075697
NVDA,2025-06-25,二次启动,second_start,100.0,17.681,多头,153.9325,0.019052608414650063,0.06344383294409672,0.1259155323291159,0.1449677442377768
NVDA,2025-07-22,趋势退潮,trend_fade,82.376,-17.624,多头,166.6214,0.05076934812946776,0.0672333550585964,0.05154757470879012,0.07669368908428709
NVDA,2025-08-08,二次启动,second_start,84.849,13.716,多头,182.253,-0.01231524928343497,-0.025779849273304456,-0.07876309167637507,0.13241210016464144
NVDA,2025-08-27,二次启动,second_start,44.521,36.898,多头,181.1557,-0.054735663236783916,-0.02433933392255183,-0.021475674774639963,-0.005230275745325863
NVDA,2025-09-15,趋势启动,trend_start,4.545,48.44,多头,177.3252,0.03296773082118487,0.02306607021557694,0.05946572388247606,0.04067675732124321
NVDA,2025-09-22,二次启动,second_start,81.068,76.523,多头,183.1712,-0.009585643684857703,0.010511228220940083,-0.005283020942651762,-0.03202509166294165
NVDA,2025-10-10,趋势退潮,trend_fade,83.176,-6.194,多头,182.7222,0.00032751880289461077,0.01692500596039137,0.027243852446182215,0.0325426924767962
NVDA,2025-10-27,二次启动,second_start,76.495,55.092,多头,191.0323,0.08036978171801512,0.03947995022802031,-0.04668647151394456,-0.01989425451220317
NVDA,2025-12-08,趋势启动,trend_start,8.519,57.26,多头,185.1168,-0.04990571897892282,-0.010024220611324797,0.0191862454887215,-0.041659797675797305
NVDA,2025-12-22,趋势启动,trend_start,9.218,85.413,多头,183.2612,0.020959177712551735,0.029506243191206316,0.006260509813155624,-0.05977816863060781
NVDA,2025-12-30,二次启动,second_start,32.398,23.18,多头,187.1022,0.008371603552067786,-0.02346164485715463,0.026501052689267057,-0.10670214341496709
NVDA,2026-01-15,趋势启动,trend_start,1.593,9.611,多头,186.6133,0.003314583915752012,0.02181237755921117,-0.022667822632270407,0.050631522390510275
NVDA,2026-01-27,二次启动,second_start,42.459,83.236,多头,188.0799,-0.043390623595449096,0.00010603598700753558,0.037343489422849485,0.059043060508498835
NVDA,2026-02-10,二次启动,second_start,31.87,11.699,多头,188.0998,-0.0029702341410872135,0.03723350534435288,-0.013259420485132511,0.12183865564842167
NVDA,2026-04-09,趋势启动,trend_start,25.65,112.304,过渡,183.4906,0.078516603410826,0.08553085011193118,0.15001896012054639,0.07204338541268207
NVDA,2026-04-10,二次启动,second_start,34.749,72.49,过渡,188.1998,0.0691829421825958,0.10411911465863422,0.14085772309472522,0.08337954756108878
NVDA,2026-04-28,二次启动,second_start,98.726,14.575,多头,212.6839,-0.07820052288457635,0.035699237411565665,-0.00267389865256884,-0.02856372326648393
NVDA,2026-05-07,趋势退潮,trend_fade,72.624,-18.276,多头,211.0177,0.11460994208364395,0.03787232485570091,-0.02912984315712186,0.0032482590890297036
NVDA,2026-05-21,趋势退潮,trend_fade,75.015,-24.985,多头,219.0094,-0.038130356023131085,-0.06455723542116631,-0.04836605587682019,0.0022145196126246436
NVDA,2026-06-04,二次启动,second_start,57.303,27.484,多头,218.4156,-0.0630659940890389,-0.036449273565163254,-0.1056891865599513,0.009695415389806561
NVDA,2026-06-15,趋势启动,trend_start,1.994,24.738,多头,212.2125,-0.05841376500164186,-0.05817842539033269,0.00023533961130928205,0.028968415094494215
NVDA,2026-07-10,趋势启动,trend_start,12.958,77.553,多头,210.7242,-0.03863295800687361,-0.019529802342096225,0.061623073446226195,0.13370927287443868
NVDA,2026-08-04,趋势启动,trend_start,31.468,82.986,多头,211.7031,0.026233848138718097,0.0368029090017965,0.025950804282056428,
NVDA,2026-08-05,二次启动,second_start,86.084,154.098,多头,218.975,0.02221508515516679,-0.007572290328640818,0.023674870097327272,
NVDA,2026-08-18,趋势退潮,trend_fade,77.329,-9.11,多头,219.4944,-0.030445084858758742,-0.010466892623004043,-0.025487694115692405,
NVDA,2026-08-28,二次启动,second_start,52.554,31.468,多头,217.3068,0.05888302859665484,-0.029206776486700337,0.053165200298481485,
NVDA,2026-09-17,二次启动,second_start,60.936,27.888,多头,219.34,0.023889876815224698,0.05252122031913653,,
ORCL,2021-10-18,趋势启动,trend_start,10.0,10.0,数据不足,90.1995,0.014299015650660607,-0.02207021245353824,-0.025800515485891795,-0.0815660167718999
ORCL,2021-10-22,二次启动,second_start,50.0,68.0,数据不足,91.8257,-0.023511307905767276,-0.03358784384863034,-0.043562184529249204,-0.1481958423477725
ORCL,2021-11-03,趋势启动,trend_start,28.664,11.664,数据不足,89.863,-0.024128734581372546,-0.008527974927938775,-0.06406640421736876,-0.15276627497372552
ORCL,2021-12-10,趋势启动,trend_start,60.821,129.258,数据不足,95.9194,-0.05855997235837207,-0.12754568719177384,-0.12684724930327218,-0.2557467017680556
ORCL,2021-12-13,二次启动,second_start,50.282,128.8,数据不足,94.2931,-0.09168386237703174,-0.12131995413614183,-0.11974727787515471,-0.23743916165359424
ORCL,2022-03-15,趋势启动,trend_start,39.088,121.307,过渡,75.6097,0.01488833346282803,0.045781615307694645,-0.011906590207571677,-0.13783151082054956
ORCL,2022-03-17,二次启动,second_start,37.499,103.1,过渡,75.6097,0.020347395792866152,0.026426822168025055,-0.010412085999327969,-0.20222621693973242
ORCL,2022-04-04,二次启动,second_start,58.256,9.648,过渡,78.8648,-0.047555420248349356,-0.049943934253080524,-0.12481615746043984,-0.16565568385555107
ORCL,2022-07-05,趋势启动,trend_start,38.624,70.22,过渡,67.7969,-0.017573045188762904,0.007960586432117722,0.06530719266104601,-0.11998783517962519
ORCL,2022-07-19,二次启动,second_start,39.466,21.199,过渡,68.3366,0.02477821864861296,0.056893699020433175,0.10077525784245212,-0.1125710894918176
ORCL,2022-08-05,趋势退潮,trend_fade,77.215,-9.902,过渡,73.1705,0.02327078984677411,0.01693615430180806,-0.03451835738864073,0.01449699690540962
ORCL,2022-08-15,二次启动,second_start,97.003,22.402,多头,74.8354,-0.033497777002965745,-0.06219182104287668,-0.03880656510511449,-0.03894766246331116
ORCL,2022-09-09,趋势启动,trend_start,23.218,55.338,多头,71.8083,-0.09326818148157312,-0.14965087887745754,-0.16624941843249452,0.05174975985604857
ORCL,2022-10-17,趋势启动,trend_start,33.33,111.382,过渡,63.7246,0.0880332766956815,0.1648761474392375,0.17173959163422925,0.32964621900573143
ORCL,2022-10-18,二次启动,second_start,32.858,100.486,过渡,63.7341,0.09115336861646428,0.15038049950225973,0.18126229686382977,0.33573724202622146
ORCL,2022-11-09,二次启动,second_start,100.0,6.637,多头,71.9398,0.05590781490440966,0.09119732238588485,0.058287103270765916,0.1640099095478027
ORCL,2022-11-29,趋势退潮,trend_fade,82.482,-17.518,多头,76.8746,-0.023994988539221107,-0.0035868029944907676,-0.00643165255142264,0.09202018954945279
ORCL,2022-12-12,二次启动,second_start,69.039,20.797,多头,77.2834,-0.009596735143555635,-0.003691127916487069,0.09414636867151471,0.038204013052712815
ORCL,2022-12-30,二次启动,second_start,76.031,9.868,多头,77.7208,0.06121917290638734,0.08798921686722738,0.08626987222270377,0.11279430954348668
ORCL,2023-01-31,趋势退潮,trend_fade,76.929,-23.071,多头,84.4258,-0.008139182027885106,0.007121908530511867,-0.02396561530632879,0.07888320232672497
ORCL,2023-02-14,二次启动,second_start,59.001,26.03,多头,85.027,-0.031092099322150957,-0.03086768699352438,-0.06858232782971296,0.09830561064918597
ORCL,2023-03-06,二次启动,second_start,76.322,23.203,多头,85.6474,-0.05359934373640707,-0.03097823913232678,0.04657901935840414,0.18546501565075357
ORCL,2023-03-21,趋势启动,trend_start,2.686,56.017,多头,83.5859,0.025919120449100275,0.07330436656546269,0.09855224273084162,0.4510153687923253
ORCL,2023-03-27,二次启动,second_start,67.254,74.9,多头,86.0292,0.041934761527011144,0.046855205495913266,0.04785750994478111,0.34329858553753256
ORCL,2023-04-11,二次启动,second_start,100.0,14.149,多头,90.0601,0.02660391016705277,0.0009574432486993967,0.023092240109688245,0.21964410592531314
ORCL,2023-04-21,趋势退潮,trend_fade,81.663,-18.337,多头,91.191,-0.00451910725230753,0.01912766630674434,0.08081969234764497,0.25177639442256083
ORCL,2023-05-11,二次启动,second_start,90.832,24.106,多头,93.3857,0.05028730220885258,0.07029964346307715,0.12736050179379554,0.18672409143377577
ORCL,2023-05-24,趋势退潮,trend_fade,77.38,-22.62,多头,94.229,0.07801071834271323,0.09316529549931629,0.2066721238074649,0.18998339377481122
ORCL,2023-06-01,二次启动,second_start,100.0,22.62,多头,101.5799,0.014057909535353241,0.1939804648901886,0.12359635711541084,0.10623665530944071
ORCL,2023-06-26,趋势退潮,trend_fade,80.016,-19.984,多头,111.921,0.0031683663713755195,-0.012817571996164845,0.013563394764925407,-0.030089902966692228
ORCL,2023-07-14,二次启动,second_start,35.835,39.514,多头,114.7085,-0.01358257365411042,-0.027500696039141515,-0.052066720789003096,-0.07503987010639257
ORCL,2023-08-18,趋势启动,trend_start,1.42,53.771,多头,112.006,-0.003434679211628544,0.03838232221887461,-0.036493126043749435,-0.01624838130933448
ORCL,2023-08-29,二次启动,second_start,65.358,43.841,多头,116.0357,0.030501339433916863,-0.07302132278328999,-0.13286370465138586,-0.03302654862369003
ORCL,2023-11-06,趋势启动,trend_start,39.117,139.117,过渡,105.3211,0.046191919183138586,0.07157917292180804,0.04967466020855005,0.06533468012648491
ORCL,2023-11-07,二次启动,second_start,37.838,136.94,过渡,105.2052,0.06523532245130381,0.06505184901339889,0.027892313710281114,0.07203391981500085
ORCL,2023-12-04,趋势退潮,trend_fade,75.494,-22.749,多头,111.7595,-0.005614008499826073,-0.09310753600957367,-0.1150458390548953,-0.013466124769473509
ORCL,2024-01-18,趋势启动,trend_start,5.403,78.314,过渡,105.3319,0.05795773739937382,0.0628335672885676,0.03753453193742451,0.10641095287142033
ORCL,2024-01-19,二次启动,second_start,46.789,107.768,过渡,106.2718,0.045317766678361515,0.055803750105622996,0.014953916076380525,0.10339428631569181
ORCL,2024-02-14,趋势退潮,trend_fade,72.637,-27.363,多头,110.7196,-0.02844405433702113,-0.02258017748050234,0.0986345183604298,0.02438734139080645
ORCL,2024-03-01,趋势启动,trend_start,20.54,44.891,多头,110.2545,-0.011953062137903925,0.1033573782688808,0.10282988159661466,0.09765988830328887
ORCL,2024-03-04,二次启动,second_start,65.13,97.826,多头,110.5258,0.0006136604827085002,0.1204628642910206,0.09012801827424322,0.08836855910171693
ORCL,2024-03-20,二次启动,second_start,99.135,6.562,多头,125.2355,-0.0307182619456845,-0.039074592224692006,-0.09954863461834984,0.07223582337980194
ORCL,2024-03-28,趋势退潮,trend_fade,76.739,-23.261,多头,121.7179,-0.005652317179888899,-0.032713625603311924,-0.06386229597429727,0.11152864980035182
ORCL,2024-05-06,趋势启动,trend_start,20.578,65.163,多头,115.0433,-0.01664704880956891,0.05222233989915348,0.014618923374566828,0.1652715318554363
ORCL,2024-05-15,二次启动,second_start,54.324,81.939,多头,118.2416,0.024418314894372628,-0.03732636166791903,0.14979879549587882,0.093104846884424
ORCL,2024-06-07,二次启动,second_start,90.511,118.095,多头,122.4121,0.09696632497126645,0.11094344166523262,0.11721737582594538,0.120929108669932
ORCL,2024-06-24,趋势退潮,trend_fade,92.678,-6.257,多头,135.9929,0.022874903603741892,0.005647392950363317,0.02590651192699278,0.17945922947397852
ORCL,2024-07-09,趋势退潮,trend_fade,79.396,-20.604,多头,136.7609,0.016581159180489413,0.020145350267545936,-0.08606771148584424,0.19550410961441234
ORCL,2024-08-15,趋势启动,trend_start,16.056,65.015,多头,133.4912,0.008398602774265074,0.018184532419864174,0.18330523511572694,0.38520101608519597
ORCL,2024-08-21,二次启动,second_start,66.854,72.934,多头,136.6791,-0.016547658918882657,0.017189809542947687,0.1953638332551857,0.33716547212360726
ORCL,2024-09-05,二次启动,second_start,75.743,14.363,多头,139.0286,0.13161766126214092,0.17516300501702498,0.17004401969581773,0.2990367206885107
ORCL,2024-10-01,趋势退潮,trend_fade,83.09,-16.91,多头,162.962,0.04313223024343249,0.043798998097263064,0.039841837159390936,0.029349208918939995
ORCL,2024-11-07,二次启动,second_start,100.0,65.341,多头,182.0981,0.0036486561108726168,0.03251596721731542,0.028545457120225493,-0.07295368193502538
ORCL,2024-11-26,趋势退潮,trend_fade,81.574,-18.426,多头,186.0064,-0.011451324753378067,-0.061932050206569,-0.09817731050675638,-0.09180058798446411
ORCL,2025-01-21,趋势启动,trend_start,45.191,135.953,过渡,169.0289,-0.04966120453388312,-0.02711970592589652,0.051862788287588835,-0.24537241322033532
ORCL,2025-01-22,二次启动,second_start,65.286,155.941,多头,180.4398,-0.12050817120504109,-0.0681793773454995,-0.04462066351602234,-0.29930506660884715
ORCL,2025-02-06,趋势启动,trend_start,1.282,8.38,多头,168.8134,0.008761356749376725,-0.026341828495967112,-0.09973891283430747,-0.13068594472472406
ORCL,2025-02-11,二次启动,second_start,44.239,90.033,多头,173.5541,0.024437049242217457,-0.026638113929780993,-0.14842824990695924,-0.14871091110010948
ORCL,2025-05-01,趋势启动,trend_start,32.949,72.94,过渡,143.0165,0.033060595265263615,0.09560780003348013,0.13774120642984555,0.721844406255638
ORCL,2025-05-02,二次启动,second_start,34.953,73.53,过渡,148.1674,-0.002587253510371479,0.06475167546368565,0.10508854672519274,0.6661084619759827
ORCL,2025-05-29,趋势退潮,trend_fade,75.539,-6.761,过渡,160.1305,0.050583316101773246,0.22688790401655745,0.2906079580267784,0.44819059090116453
ORCL,2025-06-02,二次启动,second_start,96.635,15.825,多头,163.7381,0.06351706658013634,0.2673351077996686,0.3145226358149831,0.4186894694474881
ORCL,2025-07-11,趋势退潮,trend_fade,84.836,-15.164,多头,227.1217,0.0645818971502925,0.06315055690590254,0.08453338946274247,0.2647032167566441
ORCL,2025-07-29,二次启动,second_start,85.0,12.773,多头,246.2522,0.022761824745617387,0.01552125953650485,-0.06308501453770365,0.09262013333307717
ORCL,2025-09-09,趋势启动,trend_start,6.804,65.111,多头,237.9084,0.2697197613479285,0.2994494203533602,0.1769285808842318,-0.1383773588390853
ORCL,2025-09-10,二次启动,second_start,86.843,145.868,多头,323.4337,-0.08199059148954113,-0.060518327648918735,-0.1209148430447704,-0.3460788012994942
ORCL,2025-09-24,趋势退潮,trend_fade,80.827,-9.705,多头,303.8601,-0.06305514966675829,-0.06428706080524971,-0.11452645791802196,-0.4153458304789439
ORCL,2025-10-03,二次启动,second_start,62.84,34.949,多头,281.8729,0.02561124384663649,0.019834650078407012,-0.08063986318496841,-0.3095958690452526
ORCL,2026-04-14,趋势启动,trend_start,32.281,106.058,过渡,161.8363,0.11147248575490387,0.01815963370533913,0.14619635142247311,-0.13417610572626748
ORCL,2026-04-15,二次启动,second_start,44.31,97.763,过渡,168.5977,0.10417531735271801,-0.03521578898781996,0.11748422060561747,-0.22267463223648365
ORCL,2026-05-05,二次启动,second_start,66.182,9.843,过渡,184.0268,0.007984823032110011,-0.020987315490888392,0.24267593558411926,-0.2968880748367796
ORCL,2026-05-18,趋势退潮,trend_fade,74.229,-17.484,多头,185.2778,0.034564024388988424,0.31064796684995066,0.009217067679978319,-0.1599405881803092
ORCL,2026-05-27,二次启动,second_start,72.695,29.244,多头,189.5968,0.2061686802684144,0.05393784496338272,-0.20161293632654298,-0.23031234454742067
ORCL,2026-08-03,趋势启动,trend_start,34.692,118.299,空头,141.3273,0.06485730011986579,0.03383849278764717,0.05125131369745661,
ORCL,2026-08-04,二次启动,second_start,43.99,127.565,过渡,145.203,-0.0017840437947705956,-0.020241651395929927,-0.030328008909605297,
ORCL,2026-08-25,趋势启动,trend_start,36.798,62.035,空头,144.2266,-0.02376345914154132,0.11653778610379373,-0.0013816075335327804,
ORCL,2026-08-26,二次启动,second_start,49.653,35.891,过渡,148.3214,-0.020957794607687208,0.027339326712407575,-0.06267215739116716,
TSLA,2021-10-22,二次启动,second_start,50.0,40.0,数据不足,303.2267,0.22460653950717835,0.34342854376618015,0.24995604425907825,0.09450579908819634
TSLA,2021-11-17,趋势启动,trend_start,4.973,5.32,数据不足,363.0033,0.02478399763663286,-0.004049553030867958,-0.14884160790685552,-0.19582000443383563
TSLA,2021-12-23,趋势启动,trend_start,13.64,70.145,数据不足,355.6667,-0.00957820101016904,-0.03752572507493901,-0.12839735089109472,-0.06843485576582753
TSLA,2021-12-27,二次启动,second_start,54.986,110.79,数据不足,364.6467,0.09675118937206939,-0.03274403280278371,-0.16046584653012008,-0.08668661521020371
TSLA,2022-03-22,趋势启动,trend_start,51.491,147.198,过渡,331.3267,0.10622956140751616,0.09786917311294419,-0.01688159579814219,-0.3568280741337868
TSLA,2022-03-23,二次启动,second_start,51.736,96.72,过渡,333.0367,0.0949644578100175,0.04669151666286986,0.009678596412004525,-0.349140781966666
TSLA,2022-04-08,趋势退潮,trend_fade,73.674,-26.326,多头,341.83,-0.02067299730338623,-0.02678713713894676,-0.2324547130925263,-0.2846053752828409
TSLA,2022-04-19,二次启动,second_start,57.725,26.518,多头,342.7167,-0.1475757203383039,-0.11564459570406072,-0.2592423602911451,-0.2995185723419298
TSLA,2022-07-21,趋势启动,trend_start,54.066,65.997,过渡,271.7067,0.033835492611490325,0.13590636893083485,0.11469475757484537,-0.2455466432386072
TSLA,2022-07-22,二次启动,second_start,54.163,65.624,过渡,272.2433,0.09148670477206822,0.058501581123814095,0.08971131739393123,-0.19428699218798162
TSLA,2022-08-12,趋势退潮,trend_fade,70.256,-13.015,多头,300.03,-0.011210019994135068,-0.03979602869708154,0.014631919029092888,-0.34313234465588416
TSLA,2022-08-15,二次启动,second_start,92.181,8.625,多头,309.32,-0.06273980598271589,-0.07920599838315645,-0.055573522676754195,-0.3815466231667206
TSLA,2022-09-12,二次启动,second_start,45.904,77.603,多头,304.42,0.015274928360083706,-0.09332501941057025,-0.26759083871207046,-0.40930293872775925
TSLA,2023-01-23,趋势启动,trend_start,44.055,114.527,过渡,143.75,0.15937393851902182,0.3548521356997283,0.3730086616847825,0.25627823539402184
TSLA,2023-01-24,二次启动,second_start,42.839,81.495,过渡,143.89,0.20383627740264432,0.36778093261116807,0.39592745473874524,0.13274033070077063
TSLA,2023-02-17,二次启动,second_start,95.134,13.078,过渡,208.31,-0.003264330487018463,-0.0696077968889679,-0.12030146345493975,-0.2006144389415494
TSLA,2023-02-22,趋势退潮,trend_fade,72.232,-24.768,过渡,200.86,0.009509129026712415,-0.09389624889496084,-0.04834216212467124,-0.11933685725313992
TSLA,2023-03-21,趋势启动,trend_start,8.614,41.244,过渡,197.58,-0.042463808644067624,-0.025306204846963,-0.08599051187220741,0.29517153317620437
TSLA,2023-03-31,二次启动,second_start,58.611,34.432,过渡,207.46,-0.11062378995622202,-0.0984286742837045,-0.2199460301076066,0.23512957650573152
TSLA,2023-05-19,趋势启动,trend_start,32.112,91.763,过渡,180.14,0.07233262364519377,0.208004892570552,0.5235373217326782,0.25235931424389424
TSLA,2023-05-22,二次启动,second_start,36.606,97.691,过渡,188.87,0.06507125992827145,0.1717583696726328,0.37374912989271736,0.16069257631252887
TSLA,2023-06-27,趋势退潮,trend_fade,70.325,-29.675,多头,250.21,0.1289716774172185,0.08704681242191392,0.056512525519486934,0.021941529463500586
TSLA,2023-07-03,二次启动,second_start,85.0,16.711,多头,279.82,-0.03584446614525105,0.04831673454288299,-0.06700736012159048,-0.14051892750706663
TSLA,2023-07-12,趋势退潮,trend_fade,81.893,-18.107,多头,271.99,0.07084826730073757,-0.028089210651744856,-0.10956281062876605,-0.043898683297563634
TSLA,2023-08-29,趋势启动,trend_start,58.458,130.964,多头,257.18,-0.020452580514173424,0.05490316322929578,-0.06485727175834088,-0.08931482469894769
TSLA,2023-08-30,二次启动,second_start,58.029,128.308,多头,256.9,-0.021058733094015625,0.07450375672702347,-0.04094974411681307,-0.08349551365456742
TSLA,2023-09-14,二次启动,second_start,69.892,10.549,多头,276.04,-0.07368501292221064,-0.10744820585412562,-0.06220117698967609,-0.11664980151524351
TSLA,2023-10-04,趋势启动,trend_start,22.665,55.088,多头,261.16,0.007007147138170744,-0.07076126025115892,-0.21251339876609243,-0.04855264112714519
TSLA,2023-10-05,二次启动,second_start,42.253,72.402,多头,260.05,-0.00453756097354896,-0.1535858067965542,-0.1597384935053474,-0.044722131013066324
TSLA,2023-11-14,趋势启动,trend_start,36.295,97.264,过渡,237.41,0.015963915705619947,0.02834756591435572,0.007918746451388348,-0.2075733878907393
TSLA,2023-11-15,二次启动,second_start,37.165,97.527,过渡,242.84,-0.03553776047671964,-0.011365485704404543,0.0338082969761031,-0.2422170686561319
TSLA,2023-12-07,二次启动,second_start,59.706,19.716,过渡,242.64,0.03466041742196024,0.04887900033046866,-0.00902572719632011,-0.27242007199879514
TSLA,2024-04-25,趋势启动,trend_start,12.656,103.224,空头,170.18,0.05776238250158072,0.010518325431662978,0.020919103129620975,0.44776128503074886
TSLA,2024-04-29,二次启动,second_start,36.835,130.875,过渡,194.05,-0.04787430249328062,-0.11419738888743414,-0.08915229466470809,0.13501673041073858
TSLA,2024-05-17,二次启动,second_start,37.762,50.687,过渡,177.46,0.01003042213430616,-0.0065931104669734175,0.056237999267241046,0.13479092338542187
TSLA,2024-06-12,趋势启动,trend_start,6.957,36.948,过渡,177.29,0.02414131761615179,0.1135428148520723,0.40013540034893214,0.21986582696417223
TSLA,2024-06-17,二次启动,second_start,68.004,98.328,过渡,187.44,-0.0004801341054120334,0.23378143136296536,0.32575755848958177,0.22604563895282892
TSLA,2024-07-11,二次启动,second_start,100.0,7.76,多头,241.03,0.034020648839444556,-0.0862133298117983,-0.17504046241164462,0.037547206146918644
TSLA,2024-07-19,趋势退潮,trend_fade,79.328,-20.672,多头,239.2,-0.08110365444813161,-0.13181437784934125,-0.09648830320030777,-0.0837792372149112
TSLA,2024-07-31,趋势启动,trend_start,2.956,38.512,多头,232.07,-0.17369764099273188,-0.13224458772274728,-0.1134140840847554,0.12241997141155125
TSLA,2024-08-16,趋势启动,trend_start,2.253,52.911,多头,216.12,0.019433704895069237,-0.009300363465888695,0.04932446743916108,0.6194707010344798
TSLA,2024-09-04,趋势启动,trend_start,30.073,50.731,多头,219.41,0.039742951894444545,0.035504275812917596,0.13495282856815805,0.5172052736532786
TSLA,2024-09-05,二次启动,second_start,35.884,57.609,多头,230.17,-0.0015640640101466374,0.05973845466126937,0.04557503400362539,0.4995872894292728
TSLA,2024-10-04,趋势退潮,trend_fade,71.203,-25.602,多头,250.08,-0.1290786889913097,-0.11748242429500866,-0.004398616824462187,0.6148432236925159
TSLA,2024-10-24,趋势启动,trend_start,85.77,122.316,多头,260.48,-0.04080929220849283,0.13985715271523613,0.30390049264188757,0.5831541288765425
TSLA,2024-10-25,二次启动,second_start,97.771,134.639,多头,269.19,-0.07507710736124473,0.1932835480791011,0.3097068775254177,0.5103829372740714
TSLA,2024-11-01,趋势退潮,trend_fade,70.911,-26.86,多头,248.98,0.29014381369102815,0.2881356202273766,0.434211593162116,0.6250301753008016
TSLA,2024-11-21,二次启动,second_start,100.0,9.525,多头,339.64,0.016252469601927277,0.14597804862182095,0.23972435342883358,-0.0054175797200261
TSLA,2024-11-27,趋势退潮,trend_fade,70.409,-29.591,多头,332.89,0.10994615030610166,0.2559704037535271,0.2967045710817793,-0.15302352188365753
TSLA,2024-12-23,趋势退潮,trend_fade,81.366,-18.634,多头,430.6,-0.062145864807981344,-0.08281468452542651,-0.05578267345745369,-0.35348348652481687
TSLA,2025-01-15,趋势启动,trend_start,21.947,25.817,多头,428.22,-0.03699032341491859,-0.0652468412539331,-0.16879173923042423,-0.4107935247318024
TSLA,2025-01-17,二次启动,second_start,30.558,60.7,多头,426.5,-0.06881595803872365,-0.10039861037331477,-0.16973039776890386,-0.40419695050327886
TSLA,2025-03-25,趋势启动,trend_start,34.219,134.219,空头,288.14,-0.06830020890146471,-0.23002710719979258,-0.1297980400289268,0.11806756189410206
TSLA,2025-04-29,趋势启动,trend_start,3.907,91.799,过渡,292.03,-0.057117394601597926,0.1439578424156822,0.22213469639539785,0.08228606266391725
TSLA,2025-05-09,二次启动,second_start,53.786,51.487,过渡,298.26,0.1734057517846428,0.13773213044734556,0.03460060507189722,0.07258765234232079
TSLA,2025-05-29,二次启动,second_start,100.0,10.207,多头,358.43,-0.20570259737008845,-0.10970066157322322,-0.09709005525228787,-0.03300501301230796
TSLA,2025-06-03,趋势退潮,trend_fade,77.655,-22.345,多头,344.27,-0.052807369959451456,-0.0810990902522365,-0.08313241360126489,0.004967095672659294
TSLA,2025-06-13,趋势启动,trend_start,13.011,54.149,多头,325.31,0.07183915432226518,-0.023516012277201792,-0.044665085267414084,0.06910335112673294
TSLA,2025-06-24,二次启动,second_start,47.797,33.592,多头,340.47,-0.11677977390980576,-0.13096600633835587,-0.02323260091564383,0.22433695952349297
TSLA,2025-07-16,趋势启动,trend_start,29.494,74.674,多头,321.67,0.03385452070839645,-0.008176095915149229,0.055056395423245696,0.3539963016875034
TSLA,2025-07-18,二次启动,second_start,33.289,73.843,多头,329.65,-0.041225531895984546,-0.08196568940983084,0.0027605147245812756,0.3223115485127668
TSLA,2025-08-07,二次启动,second_start,31.442,59.841,多头,322.27,0.04130076647636316,-0.006702466055620637,0.08865239798362579,0.4167003230922157
TSLA,2025-08-25,二次启动,second_start,75.443,42.116,多头,346.6,-0.04974039367675087,0.001067498876722528,0.2286497363082307,0.1576745324123352
TSLA,2025-10-03,趋势退潮,trend_fade,79.748,-20.252,多头,429.83,-0.03801502186526362,0.022055257386595306,0.06218740390704247,0.057231944889865716
TSLA,2025-10-17,二次启动,second_start,64.076,27.063,多头,439.31,-0.012724491518418146,0.03926612209115321,-0.07957932132062462,-0.00025035931841688175
TSLA,2025-11-03,二次启动,second_start,87.186,28.401,多头,468.37,-0.04940535126523138,-0.12692952646246813,-0.08354507182515414,-0.08104701806438397
TSLA,2025-11-26,趋势启动,trend_start,10.633,52.498,多头,426.58,0.06552115215629395,0.04761130084739973,0.1139528749572638,-0.021519979757011143
TSLA,2025-11-28,二次启动,second_start,31.243,73.81,多头,430.17,0.057721332954875804,0.06692697568093098,0.0685077999414152,-0.05018952084417139
TSLA,2025-12-15,二次启动,second_start,87.597,65.734,多头,475.31,0.028234233440629586,-0.04392923563581996,-0.07597144082186291,-0.17695816579409074
TSLA,2026-01-22,趋势启动,trend_start,6.834,38.925,多头,449.36,-0.0729926759440035,-0.1160539335866414,-0.08354098996592652,-0.12653548870640396
TSLA,2026-04-15,趋势启动,trend_start,37.58,136.195,过渡,391.95,-0.011327981383148944,-0.048858333505924945,0.13603769650726938,0.007169275343993364
TSLA,2026-04-17,二次启动,second_start,38.407,134.92,过渡,400.62,-0.060705924868040495,-0.02446205359795406,0.0539663406237707,-0.01537617626975274
TSLA,2026-04-30,趋势启动,trend_start,27.949,33.754,过渡,381.63,0.07902943499259352,0.16159626371383795,0.14191757191298504,-0.19440295965247245
TSLA,2026-05-01,二次启动,second_start,30.061,36.358,过渡,390.82,0.0960288574688104,0.08039502154783662,0.06412158305346005,-0.2366818439856978
TSLA,2026-05-27,二次启动,second_start,91.257,53.209,多头,440.36,-0.03783262262403497,-0.13345896759160059,-0.14815149515070147,-0.175992375733521
TSLA,2026-06-30,趋势启动,trend_start,12.838,66.777,多头,420.6,-0.06310035225817379,-0.06214934443439846,-0.29072752497583665,-0.10142654075856139
TSLA,2026-07-01,二次启动,second_start,53.724,121.005,多头,425.3,-0.04408652842267957,-0.08050785614186906,-0.2738066894705383,-0.12506466956989082
TSLA,2026-08-21,趋势启动,trend_start,33.969,64.427,过渡,362.86,-0.03888548178684359,-0.024196657481508344,0.03428320273273888,
TSLA,2026-08-26,二次启动,second_start,31.643,47.123,空头,345.82,0.03235788041296073,0.051298333984890254,0.09288067328930993,
TSLA,2026-09-17,二次启动,second_start,52.929,8.783,过渡,366.2,0.03205895642553336,-0.03301481827541186,,
